	timestamp	date	activity
540	2003-03-19 00:00:00	2003-03-19	0
541	2003-03-19 00:01:00	2003-03-19	0
542	2003-03-19 00:02:00	2003-03-19	0
543	2003-03-19 00:03:00	2003-03-19	0
544	2003-03-19 00:04:00	2003-03-19	175
545	2003-03-19 00:05:00	2003-03-19	0
546	2003-03-19 00:06:00	2003-03-19	0
547	2003-03-19 00:07:00	2003-03-19	0
548	2003-03-19 00:08:00	2003-03-19	264
549	2003-03-19 00:09:00	2003-03-19	146
550	2003-03-19 00:10:00	2003-03-19	0
551	2003-03-19 00:11:00	2003-03-19	0
552	2003-03-19 00:12:00	2003-03-19	0
553	2003-03-19 00:13:00	2003-03-19	136
554	2003-03-19 00:14:00	2003-03-19	0
555	2003-03-19 00:15:00	2003-03-19	0
556	2003-03-19 00:16:00	2003-03-19	0
557	2003-03-19 00:17:00	2003-03-19	0
558	2003-03-19 00:18:00	2003-03-19	38
559	2003-03-19 00:19:00	2003-03-19	0
560	2003-03-19 00:20:00	2003-03-19	0
561	2003-03-19 00:21:00	2003-03-19	0
562	2003-03-19 00:22:00	2003-03-19	0
563	2003-03-19 00:23:00	2003-03-19	0
564	2003-03-19 00:24:00	2003-03-19	0
565	2003-03-19 00:25:00	2003-03-19	28
566	2003-03-19 00:26:00	2003-03-19	0
567	2003-03-19 00:27:00	2003-03-19	0
568	2003-03-19 00:28:00	2003-03-19	0
569	2003-03-19 00:29:00	2003-03-19	0
570	2003-03-19 00:30:00	2003-03-19	0
571	2003-03-19 00:31:00	2003-03-19	0
572	2003-03-19 00:32:00	2003-03-19	0
573	2003-03-19 00:33:00	2003-03-19	0
574	2003-03-19 00:34:00	2003-03-19	0
575	2003-03-19 00:35:00	2003-03-19	0
576	2003-03-19 00:36:00	2003-03-19	0
577	2003-03-19 00:37:00	2003-03-19	0
578	2003-03-19 00:38:00	2003-03-19	0
579	2003-03-19 00:39:00	2003-03-19	0
580	2003-03-19 00:40:00	2003-03-19	0
581	2003-03-19 00:41:00	2003-03-19	0
582	2003-03-19 00:42:00	2003-03-19	0
583	2003-03-19 00:43:00	2003-03-19	0
584	2003-03-19 00:44:00	2003-03-19	0
585	2003-03-19 00:45:00	2003-03-19	0
586	2003-03-19 00:46:00	2003-03-19	0
587	2003-03-19 00:47:00	2003-03-19	0
588	2003-03-19 00:48:00	2003-03-19	0
589	2003-03-19 00:49:00	2003-03-19	0
590	2003-03-19 00:50:00	2003-03-19	0
591	2003-03-19 00:51:00	2003-03-19	0
592	2003-03-19 00:52:00	2003-03-19	0
593	2003-03-19 00:53:00	2003-03-19	0
594	2003-03-19 00:54:00	2003-03-19	0
595	2003-03-19 00:55:00	2003-03-19	0
596	2003-03-19 00:56:00	2003-03-19	0
597	2003-03-19 00:57:00	2003-03-19	0
598	2003-03-19 00:58:00	2003-03-19	0
599	2003-03-19 00:59:00	2003-03-19	0
600	2003-03-19 01:00:00	2003-03-19	0
601	2003-03-19 01:01:00	2003-03-19	0
602	2003-03-19 01:02:00	2003-03-19	0
603	2003-03-19 01:03:00	2003-03-19	0
604	2003-03-19 01:04:00	2003-03-19	0
605	2003-03-19 01:05:00	2003-03-19	0
606	2003-03-19 01:06:00	2003-03-19	0
607	2003-03-19 01:07:00	2003-03-19	0
608	2003-03-19 01:08:00	2003-03-19	0
609	2003-03-19 01:09:00	2003-03-19	0
610	2003-03-19 01:10:00	2003-03-19	0
611	2003-03-19 01:11:00	2003-03-19	0
612	2003-03-19 01:12:00	2003-03-19	0
613	2003-03-19 01:13:00	2003-03-19	0
614	2003-03-19 01:14:00	2003-03-19	66
615	2003-03-19 01:15:00	2003-03-19	27
616	2003-03-19 01:16:00	2003-03-19	0
617	2003-03-19 01:17:00	2003-03-19	0
618	2003-03-19 01:18:00	2003-03-19	0
619	2003-03-19 01:19:00	2003-03-19	86
620	2003-03-19 01:20:00	2003-03-19	0
621	2003-03-19 01:21:00	2003-03-19	0
622	2003-03-19 01:22:00	2003-03-19	0
623	2003-03-19 01:23:00	2003-03-19	0
624	2003-03-19 01:24:00	2003-03-19	0
625	2003-03-19 01:25:00	2003-03-19	0
626	2003-03-19 01:26:00	2003-03-19	0
627	2003-03-19 01:27:00	2003-03-19	0
628	2003-03-19 01:28:00	2003-03-19	0
629	2003-03-19 01:29:00	2003-03-19	0
630	2003-03-19 01:30:00	2003-03-19	0
631	2003-03-19 01:31:00	2003-03-19	0
632	2003-03-19 01:32:00	2003-03-19	0
633	2003-03-19 01:33:00	2003-03-19	0
634	2003-03-19 01:34:00	2003-03-19	0
635	2003-03-19 01:35:00	2003-03-19	0
636	2003-03-19 01:36:00	2003-03-19	0
637	2003-03-19 01:37:00	2003-03-19	0
638	2003-03-19 01:38:00	2003-03-19	3
639	2003-03-19 01:39:00	2003-03-19	0
640	2003-03-19 01:40:00	2003-03-19	38
641	2003-03-19 01:41:00	2003-03-19	175
642	2003-03-19 01:42:00	2003-03-19	0
643	2003-03-19 01:43:00	2003-03-19	0
644	2003-03-19 01:44:00	2003-03-19	0
645	2003-03-19 01:45:00	2003-03-19	0
646	2003-03-19 01:46:00	2003-03-19	0
647	2003-03-19 01:47:00	2003-03-19	0
648	2003-03-19 01:48:00	2003-03-19	0
649	2003-03-19 01:49:00	2003-03-19	0
650	2003-03-19 01:50:00	2003-03-19	0
651	2003-03-19 01:51:00	2003-03-19	22
652	2003-03-19 01:52:00	2003-03-19	0
653	2003-03-19 01:53:00	2003-03-19	0
654	2003-03-19 01:54:00	2003-03-19	0
655	2003-03-19 01:55:00	2003-03-19	0
656	2003-03-19 01:56:00	2003-03-19	0
657	2003-03-19 01:57:00	2003-03-19	0
658	2003-03-19 01:58:00	2003-03-19	0
659	2003-03-19 01:59:00	2003-03-19	0
660	2003-03-19 02:00:00	2003-03-19	0
661	2003-03-19 02:01:00	2003-03-19	0
662	2003-03-19 02:02:00	2003-03-19	106
663	2003-03-19 02:03:00	2003-03-19	0
664	2003-03-19 02:04:00	2003-03-19	0
665	2003-03-19 02:05:00	2003-03-19	0
666	2003-03-19 02:06:00	2003-03-19	0
667	2003-03-19 02:07:00	2003-03-19	0
668	2003-03-19 02:08:00	2003-03-19	0
669	2003-03-19 02:09:00	2003-03-19	0
670	2003-03-19 02:10:00	2003-03-19	0
671	2003-03-19 02:11:00	2003-03-19	0
672	2003-03-19 02:12:00	2003-03-19	0
673	2003-03-19 02:13:00	2003-03-19	0
674	2003-03-19 02:14:00	2003-03-19	0
675	2003-03-19 02:15:00	2003-03-19	0
676	2003-03-19 02:16:00	2003-03-19	0
677	2003-03-19 02:17:00	2003-03-19	0
678	2003-03-19 02:18:00	2003-03-19	0
679	2003-03-19 02:19:00	2003-03-19	0
680	2003-03-19 02:20:00	2003-03-19	0
681	2003-03-19 02:21:00	2003-03-19	0
682	2003-03-19 02:22:00	2003-03-19	0
683	2003-03-19 02:23:00	2003-03-19	0
684	2003-03-19 02:24:00	2003-03-19	0
685	2003-03-19 02:25:00	2003-03-19	0
686	2003-03-19 02:26:00	2003-03-19	0
687	2003-03-19 02:27:00	2003-03-19	0
688	2003-03-19 02:28:00	2003-03-19	0
689	2003-03-19 02:29:00	2003-03-19	0
690	2003-03-19 02:30:00	2003-03-19	0
691	2003-03-19 02:31:00	2003-03-19	0
692	2003-03-19 02:32:00	2003-03-19	0
693	2003-03-19 02:33:00	2003-03-19	0
694	2003-03-19 02:34:00	2003-03-19	0
695	2003-03-19 02:35:00	2003-03-19	0
696	2003-03-19 02:36:00	2003-03-19	0
697	2003-03-19 02:37:00	2003-03-19	0
698	2003-03-19 02:38:00	2003-03-19	0
699	2003-03-19 02:39:00	2003-03-19	0
700	2003-03-19 02:40:00	2003-03-19	0
701	2003-03-19 02:41:00	2003-03-19	0
702	2003-03-19 02:42:00	2003-03-19	0
703	2003-03-19 02:43:00	2003-03-19	47
704	2003-03-19 02:44:00	2003-03-19	0
705	2003-03-19 02:45:00	2003-03-19	22
706	2003-03-19 02:46:00	2003-03-19	0
707	2003-03-19 02:47:00	2003-03-19	76
708	2003-03-19 02:48:00	2003-03-19	0
709	2003-03-19 02:49:00	2003-03-19	0
710	2003-03-19 02:50:00	2003-03-19	0
711	2003-03-19 02:51:00	2003-03-19	0
712	2003-03-19 02:52:00	2003-03-19	0
713	2003-03-19 02:53:00	2003-03-19	8
714	2003-03-19 02:54:00	2003-03-19	0
715	2003-03-19 02:55:00	2003-03-19	0
716	2003-03-19 02:56:00	2003-03-19	0
717	2003-03-19 02:57:00	2003-03-19	103
718	2003-03-19 02:58:00	2003-03-19	0
719	2003-03-19 02:59:00	2003-03-19	0
720	2003-03-19 03:00:00	2003-03-19	0
721	2003-03-19 03:01:00	2003-03-19	30
722	2003-03-19 03:02:00	2003-03-19	0
723	2003-03-19 03:03:00	2003-03-19	0
724	2003-03-19 03:04:00	2003-03-19	0
725	2003-03-19 03:05:00	2003-03-19	0
726	2003-03-19 03:06:00	2003-03-19	0
727	2003-03-19 03:07:00	2003-03-19	0
728	2003-03-19 03:08:00	2003-03-19	0
729	2003-03-19 03:09:00	2003-03-19	60
730	2003-03-19 03:10:00	2003-03-19	20
731	2003-03-19 03:11:00	2003-03-19	0
732	2003-03-19 03:12:00	2003-03-19	0
733	2003-03-19 03:13:00	2003-03-19	194
734	2003-03-19 03:14:00	2003-03-19	43
735	2003-03-19 03:15:00	2003-03-19	0
736	2003-03-19 03:16:00	2003-03-19	0
737	2003-03-19 03:17:00	2003-03-19	0
738	2003-03-19 03:18:00	2003-03-19	0
739	2003-03-19 03:19:00	2003-03-19	0
740	2003-03-19 03:20:00	2003-03-19	0
741	2003-03-19 03:21:00	2003-03-19	0
742	2003-03-19 03:22:00	2003-03-19	0
743	2003-03-19 03:23:00	2003-03-19	0
744	2003-03-19 03:24:00	2003-03-19	0
745	2003-03-19 03:25:00	2003-03-19	0
746	2003-03-19 03:26:00	2003-03-19	80
747	2003-03-19 03:27:00	2003-03-19	0
748	2003-03-19 03:28:00	2003-03-19	0
749	2003-03-19 03:29:00	2003-03-19	0
750	2003-03-19 03:30:00	2003-03-19	0
751	2003-03-19 03:31:00	2003-03-19	0
752	2003-03-19 03:32:00	2003-03-19	0
753	2003-03-19 03:33:00	2003-03-19	52
754	2003-03-19 03:34:00	2003-03-19	421
755	2003-03-19 03:35:00	2003-03-19	776
756	2003-03-19 03:36:00	2003-03-19	151
757	2003-03-19 03:37:00	2003-03-19	131
758	2003-03-19 03:38:00	2003-03-19	0
759	2003-03-19 03:39:00	2003-03-19	0
760	2003-03-19 03:40:00	2003-03-19	3
761	2003-03-19 03:41:00	2003-03-19	0
762	2003-03-19 03:42:00	2003-03-19	0
763	2003-03-19 03:43:00	2003-03-19	0
764	2003-03-19 03:44:00	2003-03-19	60
765	2003-03-19 03:45:00	2003-03-19	0
766	2003-03-19 03:46:00	2003-03-19	0
767	2003-03-19 03:47:00	2003-03-19	0
768	2003-03-19 03:48:00	2003-03-19	0
769	2003-03-19 03:49:00	2003-03-19	0
770	2003-03-19 03:50:00	2003-03-19	0
771	2003-03-19 03:51:00	2003-03-19	0
772	2003-03-19 03:52:00	2003-03-19	0
773	2003-03-19 03:53:00	2003-03-19	0
774	2003-03-19 03:54:00	2003-03-19	0
775	2003-03-19 03:55:00	2003-03-19	0
776	2003-03-19 03:56:00	2003-03-19	0
777	2003-03-19 03:57:00	2003-03-19	0
778	2003-03-19 03:58:00	2003-03-19	0
779	2003-03-19 03:59:00	2003-03-19	0
780	2003-03-19 04:00:00	2003-03-19	0
781	2003-03-19 04:01:00	2003-03-19	0
782	2003-03-19 04:02:00	2003-03-19	0
783	2003-03-19 04:03:00	2003-03-19	0
784	2003-03-19 04:04:00	2003-03-19	0
785	2003-03-19 04:05:00	2003-03-19	0
786	2003-03-19 04:06:00	2003-03-19	0
787	2003-03-19 04:07:00	2003-03-19	0
788	2003-03-19 04:08:00	2003-03-19	0
789	2003-03-19 04:09:00	2003-03-19	0
790	2003-03-19 04:10:00	2003-03-19	0
791	2003-03-19 04:11:00	2003-03-19	0
792	2003-03-19 04:12:00	2003-03-19	0
793	2003-03-19 04:13:00	2003-03-19	0
794	2003-03-19 04:14:00	2003-03-19	0
795	2003-03-19 04:15:00	2003-03-19	0
796	2003-03-19 04:16:00	2003-03-19	0
797	2003-03-19 04:17:00	2003-03-19	0
798	2003-03-19 04:18:00	2003-03-19	0
799	2003-03-19 04:19:00	2003-03-19	0
800	2003-03-19 04:20:00	2003-03-19	0
801	2003-03-19 04:21:00	2003-03-19	0
802	2003-03-19 04:22:00	2003-03-19	0
803	2003-03-19 04:23:00	2003-03-19	322
804	2003-03-19 04:24:00	2003-03-19	0
805	2003-03-19 04:25:00	2003-03-19	0
806	2003-03-19 04:26:00	2003-03-19	0
807	2003-03-19 04:27:00	2003-03-19	0
808	2003-03-19 04:28:00	2003-03-19	0
809	2003-03-19 04:29:00	2003-03-19	0
810	2003-03-19 04:30:00	2003-03-19	0
811	2003-03-19 04:31:00	2003-03-19	0
812	2003-03-19 04:32:00	2003-03-19	0
813	2003-03-19 04:33:00	2003-03-19	0
814	2003-03-19 04:34:00	2003-03-19	0
815	2003-03-19 04:35:00	2003-03-19	0
816	2003-03-19 04:36:00	2003-03-19	0
817	2003-03-19 04:37:00	2003-03-19	8
818	2003-03-19 04:38:00	2003-03-19	0
819	2003-03-19 04:39:00	2003-03-19	0
820	2003-03-19 04:40:00	2003-03-19	0
821	2003-03-19 04:41:00	2003-03-19	0
822	2003-03-19 04:42:00	2003-03-19	0
823	2003-03-19 04:43:00	2003-03-19	0
824	2003-03-19 04:44:00	2003-03-19	0
825	2003-03-19 04:45:00	2003-03-19	0
826	2003-03-19 04:46:00	2003-03-19	0
827	2003-03-19 04:47:00	2003-03-19	0
828	2003-03-19 04:48:00	2003-03-19	0
829	2003-03-19 04:49:00	2003-03-19	5
830	2003-03-19 04:50:00	2003-03-19	0
831	2003-03-19 04:51:00	2003-03-19	239
832	2003-03-19 04:52:00	2003-03-19	45
833	2003-03-19 04:53:00	2003-03-19	3
834	2003-03-19 04:54:00	2003-03-19	0
835	2003-03-19 04:55:00	2003-03-19	0
836	2003-03-19 04:56:00	2003-03-19	0
837	2003-03-19 04:57:00	2003-03-19	0
838	2003-03-19 04:58:00	2003-03-19	0
839	2003-03-19 04:59:00	2003-03-19	0
840	2003-03-19 05:00:00	2003-03-19	0
841	2003-03-19 05:01:00	2003-03-19	63
842	2003-03-19 05:02:00	2003-03-19	0
843	2003-03-19 05:03:00	2003-03-19	0
844	2003-03-19 05:04:00	2003-03-19	3
845	2003-03-19 05:05:00	2003-03-19	0
846	2003-03-19 05:06:00	2003-03-19	0
847	2003-03-19 05:07:00	2003-03-19	121
848	2003-03-19 05:08:00	2003-03-19	0
849	2003-03-19 05:09:00	2003-03-19	0
850	2003-03-19 05:10:00	2003-03-19	0
851	2003-03-19 05:11:00	2003-03-19	0
852	2003-03-19 05:12:00	2003-03-19	0
853	2003-03-19 05:13:00	2003-03-19	0
854	2003-03-19 05:14:00	2003-03-19	0
855	2003-03-19 05:15:00	2003-03-19	0
856	2003-03-19 05:16:00	2003-03-19	0
857	2003-03-19 05:17:00	2003-03-19	0
858	2003-03-19 05:18:00	2003-03-19	0
859	2003-03-19 05:19:00	2003-03-19	0
860	2003-03-19 05:20:00	2003-03-19	13
861	2003-03-19 05:21:00	2003-03-19	63
862	2003-03-19 05:22:00	2003-03-19	0
863	2003-03-19 05:23:00	2003-03-19	0
864	2003-03-19 05:24:00	2003-03-19	0
865	2003-03-19 05:25:00	2003-03-19	0
866	2003-03-19 05:26:00	2003-03-19	0
867	2003-03-19 05:27:00	2003-03-19	0
868	2003-03-19 05:28:00	2003-03-19	0
869	2003-03-19 05:29:00	2003-03-19	0
870	2003-03-19 05:30:00	2003-03-19	0
871	2003-03-19 05:31:00	2003-03-19	0
872	2003-03-19 05:32:00	2003-03-19	0
873	2003-03-19 05:33:00	2003-03-19	0
874	2003-03-19 05:34:00	2003-03-19	0
875	2003-03-19 05:35:00	2003-03-19	0
876	2003-03-19 05:36:00	2003-03-19	0
877	2003-03-19 05:37:00	2003-03-19	0
878	2003-03-19 05:38:00	2003-03-19	0
879	2003-03-19 05:39:00	2003-03-19	0
880	2003-03-19 05:40:00	2003-03-19	0
881	2003-03-19 05:41:00	2003-03-19	0
882	2003-03-19 05:42:00	2003-03-19	0
883	2003-03-19 05:43:00	2003-03-19	0
884	2003-03-19 05:44:00	2003-03-19	0
885	2003-03-19 05:45:00	2003-03-19	0
886	2003-03-19 05:46:00	2003-03-19	27
887	2003-03-19 05:47:00	2003-03-19	0
888	2003-03-19 05:48:00	2003-03-19	0
889	2003-03-19 05:49:00	2003-03-19	0
890	2003-03-19 05:50:00	2003-03-19	0
891	2003-03-19 05:51:00	2003-03-19	0
892	2003-03-19 05:52:00	2003-03-19	0
893	2003-03-19 05:53:00	2003-03-19	0
894	2003-03-19 05:54:00	2003-03-19	0
895	2003-03-19 05:55:00	2003-03-19	0
896	2003-03-19 05:56:00	2003-03-19	0
897	2003-03-19 05:57:00	2003-03-19	0
898	2003-03-19 05:58:00	2003-03-19	0
899	2003-03-19 05:59:00	2003-03-19	0
900	2003-03-19 06:00:00	2003-03-19	0
901	2003-03-19 06:01:00	2003-03-19	0
902	2003-03-19 06:02:00	2003-03-19	0
903	2003-03-19 06:03:00	2003-03-19	83
904	2003-03-19 06:04:00	2003-03-19	0
905	2003-03-19 06:05:00	2003-03-19	0
906	2003-03-19 06:06:00	2003-03-19	0
907	2003-03-19 06:07:00	2003-03-19	0
908	2003-03-19 06:08:00	2003-03-19	43
909	2003-03-19 06:09:00	2003-03-19	168
910	2003-03-19 06:10:00	2003-03-19	0
911	2003-03-19 06:11:00	2003-03-19	0
912	2003-03-19 06:12:00	2003-03-19	0
913	2003-03-19 06:13:00	2003-03-19	0
914	2003-03-19 06:14:00	2003-03-19	0
915	2003-03-19 06:15:00	2003-03-19	0
916	2003-03-19 06:16:00	2003-03-19	0
917	2003-03-19 06:17:00	2003-03-19	0
918	2003-03-19 06:18:00	2003-03-19	0
919	2003-03-19 06:19:00	2003-03-19	0
920	2003-03-19 06:20:00	2003-03-19	0
921	2003-03-19 06:21:00	2003-03-19	30
922	2003-03-19 06:22:00	2003-03-19	0
923	2003-03-19 06:23:00	2003-03-19	0
924	2003-03-19 06:24:00	2003-03-19	70
925	2003-03-19 06:25:00	2003-03-19	495
926	2003-03-19 06:26:00	2003-03-19	0
927	2003-03-19 06:27:00	2003-03-19	0
928	2003-03-19 06:28:00	2003-03-19	0
929	2003-03-19 06:29:00	2003-03-19	0
930	2003-03-19 06:30:00	2003-03-19	0
931	2003-03-19 06:31:00	2003-03-19	0
932	2003-03-19 06:32:00	2003-03-19	0
933	2003-03-19 06:33:00	2003-03-19	0
934	2003-03-19 06:34:00	2003-03-19	17
935	2003-03-19 06:35:00	2003-03-19	0
936	2003-03-19 06:36:00	2003-03-19	0
937	2003-03-19 06:37:00	2003-03-19	0
938	2003-03-19 06:38:00	2003-03-19	0
939	2003-03-19 06:39:00	2003-03-19	0
940	2003-03-19 06:40:00	2003-03-19	0
941	2003-03-19 06:41:00	2003-03-19	0
942	2003-03-19 06:42:00	2003-03-19	0
943	2003-03-19 06:43:00	2003-03-19	0
944	2003-03-19 06:44:00	2003-03-19	0
945	2003-03-19 06:45:00	2003-03-19	0
946	2003-03-19 06:46:00	2003-03-19	0
947	2003-03-19 06:47:00	2003-03-19	0
948	2003-03-19 06:48:00	2003-03-19	103
949	2003-03-19 06:49:00	2003-03-19	7
950	2003-03-19 06:50:00	2003-03-19	0
951	2003-03-19 06:51:00	2003-03-19	0
952	2003-03-19 06:52:00	2003-03-19	0
953	2003-03-19 06:53:00	2003-03-19	0
954	2003-03-19 06:54:00	2003-03-19	0
955	2003-03-19 06:55:00	2003-03-19	0
956	2003-03-19 06:56:00	2003-03-19	0
957	2003-03-19 06:57:00	2003-03-19	0
958	2003-03-19 06:58:00	2003-03-19	0
959	2003-03-19 06:59:00	2003-03-19	0
960	2003-03-19 07:00:00	2003-03-19	0
961	2003-03-19 07:01:00	2003-03-19	126
962	2003-03-19 07:02:00	2003-03-19	0
963	2003-03-19 07:03:00	2003-03-19	0
964	2003-03-19 07:04:00	2003-03-19	15
965	2003-03-19 07:05:00	2003-03-19	529
966	2003-03-19 07:06:00	2003-03-19	0
967	2003-03-19 07:07:00	2003-03-19	0
968	2003-03-19 07:08:00	2003-03-19	0
969	2003-03-19 07:09:00	2003-03-19	0
970	2003-03-19 07:10:00	2003-03-19	0
971	2003-03-19 07:11:00	2003-03-19	0
972	2003-03-19 07:12:00	2003-03-19	0
973	2003-03-19 07:13:00	2003-03-19	0
974	2003-03-19 07:14:00	2003-03-19	0
975	2003-03-19 07:15:00	2003-03-19	0
976	2003-03-19 07:16:00	2003-03-19	0
977	2003-03-19 07:17:00	2003-03-19	0
978	2003-03-19 07:18:00	2003-03-19	0
979	2003-03-19 07:19:00	2003-03-19	0
980	2003-03-19 07:20:00	2003-03-19	0
981	2003-03-19 07:21:00	2003-03-19	0
982	2003-03-19 07:22:00	2003-03-19	0
983	2003-03-19 07:23:00	2003-03-19	0
984	2003-03-19 07:24:00	2003-03-19	0
985	2003-03-19 07:25:00	2003-03-19	0
986	2003-03-19 07:26:00	2003-03-19	32
987	2003-03-19 07:27:00	2003-03-19	15
988	2003-03-19 07:28:00	2003-03-19	0
989	2003-03-19 07:29:00	2003-03-19	0
990	2003-03-19 07:30:00	2003-03-19	0
991	2003-03-19 07:31:00	2003-03-19	0
992	2003-03-19 07:32:00	2003-03-19	43
993	2003-03-19 07:33:00	2003-03-19	334
994	2003-03-19 07:34:00	2003-03-19	0
995	2003-03-19 07:35:00	2003-03-19	0
996	2003-03-19 07:36:00	2003-03-19	0
997	2003-03-19 07:37:00	2003-03-19	0
998	2003-03-19 07:38:00	2003-03-19	0
999	2003-03-19 07:39:00	2003-03-19	0
1000	2003-03-19 07:40:00	2003-03-19	0
1001	2003-03-19 07:41:00	2003-03-19	0
1002	2003-03-19 07:42:00	2003-03-19	0
1003	2003-03-19 07:43:00	2003-03-19	96
1004	2003-03-19 07:44:00	2003-03-19	0
1005	2003-03-19 07:45:00	2003-03-19	0
1006	2003-03-19 07:46:00	2003-03-19	0
1007	2003-03-19 07:47:00	2003-03-19	0
1008	2003-03-19 07:48:00	2003-03-19	0
1009	2003-03-19 07:49:00	2003-03-19	0
1010	2003-03-19 07:50:00	2003-03-19	0
1011	2003-03-19 07:51:00	2003-03-19	0
1012	2003-03-19 07:52:00	2003-03-19	0
1013	2003-03-19 07:53:00	2003-03-19	0
1014	2003-03-19 07:54:00	2003-03-19	0
1015	2003-03-19 07:55:00	2003-03-19	0
1016	2003-03-19 07:56:00	2003-03-19	0
1017	2003-03-19 07:57:00	2003-03-19	407
1018	2003-03-19 07:58:00	2003-03-19	0
1019	2003-03-19 07:59:00	2003-03-19	0
1020	2003-03-19 08:00:00	2003-03-19	0
1021	2003-03-19 08:01:00	2003-03-19	0
1022	2003-03-19 08:02:00	2003-03-19	0
1023	2003-03-19 08:03:00	2003-03-19	0
1024	2003-03-19 08:04:00	2003-03-19	0
1025	2003-03-19 08:05:00	2003-03-19	0
1026	2003-03-19 08:06:00	2003-03-19	0
1027	2003-03-19 08:07:00	2003-03-19	0
1028	2003-03-19 08:08:00	2003-03-19	116
1029	2003-03-19 08:09:00	2003-03-19	0
1030	2003-03-19 08:10:00	2003-03-19	0
1031	2003-03-19 08:11:00	2003-03-19	0
1032	2003-03-19 08:12:00	2003-03-19	0
1033	2003-03-19 08:13:00	2003-03-19	0
1034	2003-03-19 08:14:00	2003-03-19	0
1035	2003-03-19 08:15:00	2003-03-19	0
1036	2003-03-19 08:16:00	2003-03-19	0
1037	2003-03-19 08:17:00	2003-03-19	0
1038	2003-03-19 08:18:00	2003-03-19	156
1039	2003-03-19 08:19:00	2003-03-19	0
1040	2003-03-19 08:20:00	2003-03-19	0
1041	2003-03-19 08:21:00	2003-03-19	0
1042	2003-03-19 08:22:00	2003-03-19	0
1043	2003-03-19 08:23:00	2003-03-19	0
1044	2003-03-19 08:24:00	2003-03-19	0
1045	2003-03-19 08:25:00	2003-03-19	464
1046	2003-03-19 08:26:00	2003-03-19	0
1047	2003-03-19 08:27:00	2003-03-19	0
1048	2003-03-19 08:28:00	2003-03-19	100
1049	2003-03-19 08:29:00	2003-03-19	214
1050	2003-03-19 08:30:00	2003-03-19	0
1051	2003-03-19 08:31:00	2003-03-19	0
1052	2003-03-19 08:32:00	2003-03-19	131
1053	2003-03-19 08:33:00	2003-03-19	103
1054	2003-03-19 08:34:00	2003-03-19	0
1055	2003-03-19 08:35:00	2003-03-19	0
1056	2003-03-19 08:36:00	2003-03-19	0
1057	2003-03-19 08:37:00	2003-03-19	0
1058	2003-03-19 08:38:00	2003-03-19	334
1059	2003-03-19 08:39:00	2003-03-19	0
1060	2003-03-19 08:40:00	2003-03-19	0
1061	2003-03-19 08:41:00	2003-03-19	0
1062	2003-03-19 08:42:00	2003-03-19	0
1063	2003-03-19 08:43:00	2003-03-19	0
1064	2003-03-19 08:44:00	2003-03-19	0
1065	2003-03-19 08:45:00	2003-03-19	186
1066	2003-03-19 08:46:00	2003-03-19	186
1067	2003-03-19 08:47:00	2003-03-19	186
1068	2003-03-19 08:48:00	2003-03-19	186
1069	2003-03-19 08:49:00	2003-03-19	186
1070	2003-03-19 08:50:00	2003-03-19	186
1071	2003-03-19 08:51:00	2003-03-19	186
1072	2003-03-19 08:52:00	2003-03-19	186
1073	2003-03-19 08:53:00	2003-03-19	186
1074	2003-03-19 08:54:00	2003-03-19	186
1075	2003-03-19 08:55:00	2003-03-19	186
1076	2003-03-19 08:56:00	2003-03-19	186
1077	2003-03-19 08:57:00	2003-03-19	186
1078	2003-03-19 08:58:00	2003-03-19	186
1079	2003-03-19 08:59:00	2003-03-19	186
1080	2003-03-19 09:00:00	2003-03-19	1067
1081	2003-03-19 09:01:00	2003-03-19	640
1082	2003-03-19 09:02:00	2003-03-19	394
1083	2003-03-19 09:03:00	2003-03-19	239
1084	2003-03-19 09:04:00	2003-03-19	264
1085	2003-03-19 09:05:00	2003-03-19	449
1086	2003-03-19 09:06:00	2003-03-19	479
1087	2003-03-19 09:07:00	2003-03-19	751
1088	2003-03-19 09:08:00	2003-03-19	47
1089	2003-03-19 09:09:00	2003-03-19	334
1090	2003-03-19 09:10:00	2003-03-19	705
1091	2003-03-19 09:11:00	2003-03-19	161
1092	2003-03-19 09:12:00	2003-03-19	53
1093	2003-03-19 09:13:00	2003-03-19	434
1094	2003-03-19 09:14:00	2003-03-19	20
1095	2003-03-19 09:15:00	2003-03-19	3
1096	2003-03-19 09:16:00	2003-03-19	464
1097	2003-03-19 09:17:00	2003-03-19	264
1098	2003-03-19 09:18:00	2003-03-19	264
1099	2003-03-19 09:19:00	2003-03-19	93
1100	2003-03-19 09:20:00	2003-03-19	60
1101	2003-03-19 09:21:00	2003-03-19	0
1102	2003-03-19 09:22:00	2003-03-19	93
1103	2003-03-19 09:23:00	2003-03-19	394
1104	2003-03-19 09:24:00	2003-03-19	53
1105	2003-03-19 09:25:00	2003-03-19	369
1106	2003-03-19 09:26:00	2003-03-19	313
1107	2003-03-19 09:27:00	2003-03-19	52
1108	2003-03-19 09:28:00	2003-03-19	30
1109	2003-03-19 09:29:00	2003-03-19	60
1110	2003-03-19 09:30:00	2003-03-19	0
1111	2003-03-19 09:31:00	2003-03-19	0
1112	2003-03-19 09:32:00	2003-03-19	17
1113	2003-03-19 09:33:00	2003-03-19	22
1114	2003-03-19 09:34:00	2003-03-19	3
1115	2003-03-19 09:35:00	2003-03-19	43
1116	2003-03-19 09:36:00	2003-03-19	188
1117	2003-03-19 09:37:00	2003-03-19	126
1118	2003-03-19 09:38:00	2003-03-19	231
1119	2003-03-19 09:39:00	2003-03-19	3
1120	2003-03-19 09:40:00	2003-03-19	20
1121	2003-03-19 09:41:00	2003-03-19	28
1122	2003-03-19 09:42:00	2003-03-19	28
1123	2003-03-19 09:43:00	2003-03-19	0
1124	2003-03-19 09:44:00	2003-03-19	161
1125	2003-03-19 09:45:00	2003-03-19	103
1126	2003-03-19 09:46:00	2003-03-19	495
1127	2003-03-19 09:47:00	2003-03-19	620
1128	2003-03-19 09:48:00	2003-03-19	545
1129	2003-03-19 09:49:00	2003-03-19	620
1130	2003-03-19 09:50:00	2003-03-19	283
1131	2003-03-19 09:51:00	2003-03-19	256
1132	2003-03-19 09:52:00	2003-03-19	313
1133	2003-03-19 09:53:00	2003-03-19	449
1134	2003-03-19 09:54:00	2003-03-19	1212
1135	2003-03-19 09:55:00	2003-03-19	883
1136	2003-03-19 09:56:00	2003-03-19	728
1137	2003-03-19 09:57:00	2003-03-19	854
1138	2003-03-19 09:58:00	2003-03-19	728
1139	2003-03-19 09:59:00	2003-03-19	1137
1140	2003-03-19 10:00:00	2003-03-19	854
1141	2003-03-19 10:01:00	2003-03-19	434
1142	2003-03-19 10:02:00	2003-03-19	1002
1143	2003-03-19 10:03:00	2003-03-19	1034
1144	2003-03-19 10:04:00	2003-03-19	640
1145	2003-03-19 10:05:00	2003-03-19	883
1146	2003-03-19 10:06:00	2003-03-19	1250
1147	2003-03-19 10:07:00	2003-03-19	1102
1148	2003-03-19 10:08:00	2003-03-19	828
1149	2003-03-19 10:09:00	2003-03-19	1767
1150	2003-03-19 10:10:00	2003-03-19	828
1151	2003-03-19 10:11:00	2003-03-19	283
1152	2003-03-19 10:12:00	2003-03-19	662
1153	2003-03-19 10:13:00	2003-03-19	801
1154	2003-03-19 10:14:00	2003-03-19	1034
1155	2003-03-19 10:15:00	2003-03-19	683
1156	2003-03-19 10:16:00	2003-03-19	1034
1157	2003-03-19 10:17:00	2003-03-19	662
1158	2003-03-19 10:18:00	2003-03-19	801
1159	2003-03-19 10:19:00	2003-03-19	971
1160	2003-03-19 10:20:00	2003-03-19	545
1161	2003-03-19 10:21:00	2003-03-19	434
1162	2003-03-19 10:22:00	2003-03-19	662
1163	2003-03-19 10:23:00	2003-03-19	582
1164	2003-03-19 10:24:00	2003-03-19	479
1165	2003-03-19 10:25:00	2003-03-19	1034
1166	2003-03-19 10:26:00	2003-03-19	1607
1167	2003-03-19 10:27:00	2003-03-19	705
1168	2003-03-19 10:28:00	2003-03-19	214
1169	2003-03-19 10:29:00	2003-03-19	63
1170	2003-03-19 10:30:00	2003-03-19	181
1171	2003-03-19 10:31:00	2003-03-19	223
1172	2003-03-19 10:32:00	2003-03-19	53
1173	2003-03-19 10:33:00	2003-03-19	223
1174	2003-03-19 10:34:00	2003-03-19	80
1175	2003-03-19 10:35:00	2003-03-19	116
1176	2003-03-19 10:36:00	2003-03-19	146
1177	2003-03-19 10:37:00	2003-03-19	223
1178	2003-03-19 10:38:00	2003-03-19	76
1179	2003-03-19 10:39:00	2003-03-19	161
1180	2003-03-19 10:40:00	2003-03-19	106
1181	2003-03-19 10:41:00	2003-03-19	106
1182	2003-03-19 10:42:00	2003-03-19	0
1183	2003-03-19 10:43:00	2003-03-19	13
1184	2003-03-19 10:44:00	2003-03-19	0
1185	2003-03-19 10:45:00	2003-03-19	0
1186	2003-03-19 10:46:00	2003-03-19	3
1187	2003-03-19 10:47:00	2003-03-19	8
1188	2003-03-19 10:48:00	2003-03-19	66
1189	2003-03-19 10:49:00	2003-03-19	8
1190	2003-03-19 10:50:00	2003-03-19	0
1191	2003-03-19 10:51:00	2003-03-19	0
1192	2003-03-19 10:52:00	2003-03-19	0
1193	2003-03-19 10:53:00	2003-03-19	60
1194	2003-03-19 10:54:00	2003-03-19	3
1195	2003-03-19 10:55:00	2003-03-19	37
1196	2003-03-19 10:56:00	2003-03-19	106
1197	2003-03-19 10:57:00	2003-03-19	73
1198	2003-03-19 10:58:00	2003-03-19	52
1199	2003-03-19 10:59:00	2003-03-19	20
1200	2003-03-19 11:00:00	2003-03-19	131
1201	2003-03-19 11:01:00	2003-03-19	5
1202	2003-03-19 11:02:00	2003-03-19	86
1203	2003-03-19 11:03:00	2003-03-19	0
1204	2003-03-19 11:04:00	2003-03-19	27
1205	2003-03-19 11:05:00	2003-03-19	146
1206	2003-03-19 11:06:00	2003-03-19	53
1207	2003-03-19 11:07:00	2003-03-19	18
1208	2003-03-19 11:08:00	2003-03-19	30
1209	2003-03-19 11:09:00	2003-03-19	93
1210	2003-03-19 11:10:00	2003-03-19	83
1211	2003-03-19 11:11:00	2003-03-19	37
1212	2003-03-19 11:12:00	2003-03-19	22
1213	2003-03-19 11:13:00	2003-03-19	73
1214	2003-03-19 11:14:00	2003-03-19	28
1215	2003-03-19 11:15:00	2003-03-19	0
1216	2003-03-19 11:16:00	2003-03-19	33
1217	2003-03-19 11:17:00	2003-03-19	17
1218	2003-03-19 11:18:00	2003-03-19	27
1219	2003-03-19 11:19:00	2003-03-19	47
1220	2003-03-19 11:20:00	2003-03-19	801
1221	2003-03-19 11:21:00	2003-03-19	854
1222	2003-03-19 11:22:00	2003-03-19	728
1223	2003-03-19 11:23:00	2003-03-19	208
1224	2003-03-19 11:24:00	2003-03-19	201
1225	2003-03-19 11:25:00	2003-03-19	57
1226	2003-03-19 11:26:00	2003-03-19	116
1227	2003-03-19 11:27:00	2003-03-19	90
1228	2003-03-19 11:28:00	2003-03-19	141
1229	2003-03-19 11:29:00	2003-03-19	73
1230	2003-03-19 11:30:00	2003-03-19	131
1231	2003-03-19 11:31:00	2003-03-19	17
1232	2003-03-19 11:32:00	2003-03-19	8
1233	2003-03-19 11:33:00	2003-03-19	37
1234	2003-03-19 11:34:00	2003-03-19	0
1235	2003-03-19 11:35:00	2003-03-19	168
1236	2003-03-19 11:36:00	2003-03-19	10
1237	2003-03-19 11:37:00	2003-03-19	27
1238	2003-03-19 11:38:00	2003-03-19	141
1239	2003-03-19 11:39:00	2003-03-19	53
1240	2003-03-19 11:40:00	2003-03-19	42
1241	2003-03-19 11:41:00	2003-03-19	10
1242	2003-03-19 11:42:00	2003-03-19	0
1243	2003-03-19 11:43:00	2003-03-19	100
1244	2003-03-19 11:44:00	2003-03-19	53
1245	2003-03-19 11:45:00	2003-03-19	93
1246	2003-03-19 11:46:00	2003-03-19	86
1247	2003-03-19 11:47:00	2003-03-19	3
1248	2003-03-19 11:48:00	2003-03-19	283
1249	2003-03-19 11:49:00	2003-03-19	394
1250	2003-03-19 11:50:00	2003-03-19	181
1251	2003-03-19 11:51:00	2003-03-19	20
1252	2003-03-19 11:52:00	2003-03-19	264
1253	2003-03-19 11:53:00	2003-03-19	194
1254	2003-03-19 11:54:00	2003-03-19	73
1255	2003-03-19 11:55:00	2003-03-19	3
1256	2003-03-19 11:56:00	2003-03-19	3
1257	2003-03-19 11:57:00	2003-03-19	10
1258	2003-03-19 11:58:00	2003-03-19	80
1259	2003-03-19 11:59:00	2003-03-19	8
1260	2003-03-19 12:00:00	2003-03-19	8
1261	2003-03-19 12:01:00	2003-03-19	0
1262	2003-03-19 12:02:00	2003-03-19	90
1263	2003-03-19 12:03:00	2003-03-19	45
1264	2003-03-19 12:04:00	2003-03-19	0
1265	2003-03-19 12:05:00	2003-03-19	0
1266	2003-03-19 12:06:00	2003-03-19	30
1267	2003-03-19 12:07:00	2003-03-19	10
1268	2003-03-19 12:08:00	2003-03-19	0
1269	2003-03-19 12:09:00	2003-03-19	96
1270	2003-03-19 12:10:00	2003-03-19	0
1271	2003-03-19 12:11:00	2003-03-19	0
1272	2003-03-19 12:12:00	2003-03-19	73
1273	2003-03-19 12:13:00	2003-03-19	151
1274	2003-03-19 12:14:00	2003-03-19	854
1275	2003-03-19 12:15:00	2003-03-19	883
1276	2003-03-19 12:16:00	2003-03-19	1332
1277	2003-03-19 12:17:00	2003-03-19	582
1278	2003-03-19 12:18:00	2003-03-19	90
1279	2003-03-19 12:19:00	2003-03-19	53
1280	2003-03-19 12:20:00	2003-03-19	18
1281	2003-03-19 12:21:00	2003-03-19	30
1282	2003-03-19 12:22:00	2003-03-19	83
1283	2003-03-19 12:23:00	2003-03-19	70
1284	2003-03-19 12:24:00	2003-03-19	0
1285	2003-03-19 12:25:00	2003-03-19	103
1286	2003-03-19 12:26:00	2003-03-19	18
1287	2003-03-19 12:27:00	2003-03-19	0
1288	2003-03-19 12:28:00	2003-03-19	50
1289	2003-03-19 12:29:00	2003-03-19	3
1290	2003-03-19 12:30:00	2003-03-19	106
1291	2003-03-19 12:31:00	2003-03-19	8
1292	2003-03-19 12:32:00	2003-03-19	175
1293	2003-03-19 12:33:00	2003-03-19	175
1294	2003-03-19 12:34:00	2003-03-19	214
1295	2003-03-19 12:35:00	2003-03-19	73
1296	2003-03-19 12:36:00	2003-03-19	100
1297	2003-03-19 12:37:00	2003-03-19	12
1298	2003-03-19 12:38:00	2003-03-19	156
1299	2003-03-19 12:39:00	2003-03-19	30
1300	2003-03-19 12:40:00	2003-03-19	57
1301	2003-03-19 12:41:00	2003-03-19	116
1302	2003-03-19 12:42:00	2003-03-19	52
1303	2003-03-19 12:43:00	2003-03-19	131
1304	2003-03-19 12:44:00	2003-03-19	43
1305	2003-03-19 12:45:00	2003-03-19	52
1306	2003-03-19 12:46:00	2003-03-19	273
1307	2003-03-19 12:47:00	2003-03-19	1137
1308	2003-03-19 12:48:00	2003-03-19	1375
1309	2003-03-19 12:49:00	2003-03-19	1463
1310	2003-03-19 12:50:00	2003-03-19	1509
1311	2003-03-19 12:51:00	2003-03-19	1418
1312	2003-03-19 12:52:00	2003-03-19	2003
1313	2003-03-19 12:53:00	2003-03-19	1607
1314	2003-03-19 12:54:00	2003-03-19	2269
1315	2003-03-19 12:55:00	2003-03-19	1174
1316	2003-03-19 12:56:00	2003-03-19	1034
1317	2003-03-19 12:57:00	2003-03-19	1332
1318	2003-03-19 12:58:00	2003-03-19	776
1319	2003-03-19 12:59:00	2003-03-19	971
1320	2003-03-19 13:00:00	2003-03-19	662
1321	2003-03-19 13:01:00	2003-03-19	434
1322	2003-03-19 13:02:00	2003-03-19	662
1323	2003-03-19 13:03:00	2003-03-19	801
1324	2003-03-19 13:04:00	2003-03-19	545
1325	2003-03-19 13:05:00	2003-03-19	303
1326	2003-03-19 13:06:00	2003-03-19	640
1327	2003-03-19 13:07:00	2003-03-19	529
1328	2003-03-19 13:08:00	2003-03-19	293
1329	2003-03-19 13:09:00	2003-03-19	564
1330	2003-03-19 13:10:00	2003-03-19	214
1331	2003-03-19 13:11:00	2003-03-19	683
1332	2003-03-19 13:12:00	2003-03-19	181
1333	2003-03-19 13:13:00	2003-03-19	181
1334	2003-03-19 13:14:00	2003-03-19	283
1335	2003-03-19 13:15:00	2003-03-19	126
1336	2003-03-19 13:16:00	2003-03-19	464
1337	2003-03-19 13:17:00	2003-03-19	464
1338	2003-03-19 13:18:00	2003-03-19	248
1339	2003-03-19 13:19:00	2003-03-19	564
1340	2003-03-19 13:20:00	2003-03-19	181
1341	2003-03-19 13:21:00	2003-03-19	529
1342	2003-03-19 13:22:00	2003-03-19	434
1343	2003-03-19 13:23:00	2003-03-19	369
1344	2003-03-19 13:24:00	2003-03-19	346
1345	2003-03-19 13:25:00	2003-03-19	12
1346	2003-03-19 13:26:00	2003-03-19	3
1347	2003-03-19 13:27:00	2003-03-19	45
1348	2003-03-19 13:28:00	2003-03-19	0
1349	2003-03-19 13:29:00	2003-03-19	111
1350	2003-03-19 13:30:00	2003-03-19	100
1351	2003-03-19 13:31:00	2003-03-19	93
1352	2003-03-19 13:32:00	2003-03-19	111
1353	2003-03-19 13:33:00	2003-03-19	53
1354	2003-03-19 13:34:00	2003-03-19	86
1355	2003-03-19 13:35:00	2003-03-19	18
1356	2003-03-19 13:36:00	2003-03-19	27
1357	2003-03-19 13:37:00	2003-03-19	141
1358	2003-03-19 13:38:00	2003-03-19	208
1359	2003-03-19 13:39:00	2003-03-19	96
1360	2003-03-19 13:40:00	2003-03-19	0
1361	2003-03-19 13:41:00	2003-03-19	57
1362	2003-03-19 13:42:00	2003-03-19	57
1363	2003-03-19 13:43:00	2003-03-19	103
1364	2003-03-19 13:44:00	2003-03-19	121
1365	2003-03-19 13:45:00	2003-03-19	369
1366	2003-03-19 13:46:00	2003-03-19	407
1367	2003-03-19 13:47:00	2003-03-19	23
1368	2003-03-19 13:48:00	2003-03-19	434
1369	2003-03-19 13:49:00	2003-03-19	394
1370	2003-03-19 13:50:00	2003-03-19	194
1371	2003-03-19 13:51:00	2003-03-19	322
1372	2003-03-19 13:52:00	2003-03-19	96
1373	2003-03-19 13:53:00	2003-03-19	231
1374	2003-03-19 13:54:00	2003-03-19	141
1375	2003-03-19 13:55:00	2003-03-19	283
1376	2003-03-19 13:56:00	2003-03-19	126
1377	2003-03-19 13:57:00	2003-03-19	421
1378	2003-03-19 13:58:00	2003-03-19	194
1379	2003-03-19 13:59:00	2003-03-19	188
1380	2003-03-19 14:00:00	2003-03-19	126
1381	2003-03-19 14:01:00	2003-03-19	73
1382	2003-03-19 14:02:00	2003-03-19	223
1383	2003-03-19 14:03:00	2003-03-19	90
1384	2003-03-19 14:04:00	2003-03-19	141
1385	2003-03-19 14:05:00	2003-03-19	111
1386	2003-03-19 14:06:00	2003-03-19	223
1387	2003-03-19 14:07:00	2003-03-19	239
1388	2003-03-19 14:08:00	2003-03-19	106
1389	2003-03-19 14:09:00	2003-03-19	161
1390	2003-03-19 14:10:00	2003-03-19	93
1391	2003-03-19 14:11:00	2003-03-19	334
1392	2003-03-19 14:12:00	2003-03-19	223
1393	2003-03-19 14:13:00	2003-03-19	214
1394	2003-03-19 14:14:00	2003-03-19	223
1395	2003-03-19 14:15:00	2003-03-19	106
1396	2003-03-19 14:16:00	2003-03-19	181
1397	2003-03-19 14:17:00	2003-03-19	45
1398	2003-03-19 14:18:00	2003-03-19	131
1399	2003-03-19 14:19:00	2003-03-19	13
1400	2003-03-19 14:20:00	2003-03-19	106
1401	2003-03-19 14:21:00	2003-03-19	188
1402	2003-03-19 14:22:00	2003-03-19	334
1403	2003-03-19 14:23:00	2003-03-19	564
1404	2003-03-19 14:24:00	2003-03-19	141
1405	2003-03-19 14:25:00	2003-03-19	76
1406	2003-03-19 14:26:00	2003-03-19	3
1407	2003-03-19 14:27:00	2003-03-19	248
1408	2003-03-19 14:28:00	2003-03-19	20
1409	2003-03-19 14:29:00	2003-03-19	32
1410	2003-03-19 14:30:00	2003-03-19	151
1411	2003-03-19 14:31:00	2003-03-19	35
1412	2003-03-19 14:32:00	2003-03-19	264
1413	2003-03-19 14:33:00	2003-03-19	223
1414	2003-03-19 14:34:00	2003-03-19	146
1415	2003-03-19 14:35:00	2003-03-19	322
1416	2003-03-19 14:36:00	2003-03-19	283
1417	2003-03-19 14:37:00	2003-03-19	121
1418	2003-03-19 14:38:00	2003-03-19	96
1419	2003-03-19 14:39:00	2003-03-19	175
1420	2003-03-19 14:40:00	2003-03-19	0
1421	2003-03-19 14:41:00	2003-03-19	90
1422	2003-03-19 14:42:00	2003-03-19	53
1423	2003-03-19 14:43:00	2003-03-19	10
1424	2003-03-19 14:44:00	2003-03-19	141
1425	2003-03-19 14:45:00	2003-03-19	10
1426	2003-03-19 14:46:00	2003-03-19	106
1427	2003-03-19 14:47:00	2003-03-19	188
1428	2003-03-19 14:48:00	2003-03-19	464
1429	2003-03-19 14:49:00	2003-03-19	313
1430	2003-03-19 14:50:00	2003-03-19	103
1431	2003-03-19 14:51:00	2003-03-19	131
1432	2003-03-19 14:52:00	2003-03-19	57
1433	2003-03-19 14:53:00	2003-03-19	293
1434	2003-03-19 14:54:00	2003-03-19	161
1435	2003-03-19 14:55:00	2003-03-19	146
1436	2003-03-19 14:56:00	2003-03-19	86
1437	2003-03-19 14:57:00	2003-03-19	223
1438	2003-03-19 14:58:00	2003-03-19	136
1439	2003-03-19 14:59:00	2003-03-19	512
1440	2003-03-19 15:00:00	2003-03-19	662
1441	2003-03-19 15:01:00	2003-03-19	239
1442	2003-03-19 15:02:00	2003-03-19	640
1443	2003-03-19 15:03:00	2003-03-19	434
1444	2003-03-19 15:04:00	2003-03-19	705
1445	2003-03-19 15:05:00	2003-03-19	529
1446	2003-03-19 15:06:00	2003-03-19	381
1447	2003-03-19 15:07:00	2003-03-19	1002
1448	2003-03-19 15:08:00	2003-03-19	2003
1449	2003-03-19 15:09:00	2003-03-19	2735
1450	2003-03-19 15:10:00	2003-03-19	2066
1451	2003-03-19 15:11:00	2003-03-19	911
1452	2003-03-19 15:12:00	2003-03-19	911
1453	2003-03-19 15:13:00	2003-03-19	1463
1454	2003-03-19 15:14:00	2003-03-19	2492
1455	2003-03-19 15:15:00	2003-03-19	2066
1456	2003-03-19 15:16:00	2003-03-19	1290
1457	2003-03-19 15:17:00	2003-03-19	1212
1458	2003-03-19 15:18:00	2003-03-19	1375
1459	2003-03-19 15:19:00	2003-03-19	0
1460	2003-03-19 15:20:00	2003-03-19	208
1461	2003-03-19 15:21:00	2003-03-19	111
1462	2003-03-19 15:22:00	2003-03-19	66
1463	2003-03-19 15:23:00	2003-03-19	17
1464	2003-03-19 15:24:00	2003-03-19	161
1465	2003-03-19 15:25:00	2003-03-19	283
1466	2003-03-19 15:26:00	2003-03-19	3
1467	2003-03-19 15:27:00	2003-03-19	28
1468	2003-03-19 15:28:00	2003-03-19	63
1469	2003-03-19 15:29:00	2003-03-19	38
1470	2003-03-19 15:30:00	2003-03-19	0
1471	2003-03-19 15:31:00	2003-03-19	0
1472	2003-03-19 15:32:00	2003-03-19	45
1473	2003-03-19 15:33:00	2003-03-19	37
1474	2003-03-19 15:34:00	2003-03-19	0
1475	2003-03-19 15:35:00	2003-03-19	28
1476	2003-03-19 15:36:00	2003-03-19	0
1477	2003-03-19 15:37:00	2003-03-19	45
1478	2003-03-19 15:38:00	2003-03-19	60
1479	2003-03-19 15:39:00	2003-03-19	53
1480	2003-03-19 15:40:00	2003-03-19	63
1481	2003-03-19 15:41:00	2003-03-19	28
1482	2003-03-19 15:42:00	2003-03-19	0
1483	2003-03-19 15:43:00	2003-03-19	66
1484	2003-03-19 15:44:00	2003-03-19	38
1485	2003-03-19 15:45:00	2003-03-19	18
1486	2003-03-19 15:46:00	2003-03-19	495
1487	2003-03-19 15:47:00	2003-03-19	121
1488	2003-03-19 15:48:00	2003-03-19	116
1489	2003-03-19 15:49:00	2003-03-19	73
1490	2003-03-19 15:50:00	2003-03-19	90
1491	2003-03-19 15:51:00	2003-03-19	60
1492	2003-03-19 15:52:00	2003-03-19	201
1493	2003-03-19 15:53:00	2003-03-19	53
1494	2003-03-19 15:54:00	2003-03-19	0
1495	2003-03-19 15:55:00	2003-03-19	248
1496	2003-03-19 15:56:00	2003-03-19	0
1497	2003-03-19 15:57:00	2003-03-19	0
1498	2003-03-19 15:58:00	2003-03-19	0
1499	2003-03-19 15:59:00	2003-03-19	30
1500	2003-03-19 16:00:00	2003-03-19	156
1501	2003-03-19 16:01:00	2003-03-19	239
1502	2003-03-19 16:02:00	2003-03-19	293
1503	2003-03-19 16:03:00	2003-03-19	90
1504	2003-03-19 16:04:00	2003-03-19	32
1505	2003-03-19 16:05:00	2003-03-19	42
1506	2003-03-19 16:06:00	2003-03-19	161
1507	2003-03-19 16:07:00	2003-03-19	66
1508	2003-03-19 16:08:00	2003-03-19	0
1509	2003-03-19 16:09:00	2003-03-19	201
1510	2003-03-19 16:10:00	2003-03-19	18
1511	2003-03-19 16:11:00	2003-03-19	131
1512	2003-03-19 16:12:00	2003-03-19	38
1513	2003-03-19 16:13:00	2003-03-19	0
1514	2003-03-19 16:14:00	2003-03-19	47
1515	2003-03-19 16:15:00	2003-03-19	13
1516	2003-03-19 16:16:00	2003-03-19	479
1517	2003-03-19 16:17:00	2003-03-19	273
1518	2003-03-19 16:18:00	2003-03-19	50
1519	2003-03-19 16:19:00	2003-03-19	131
1520	2003-03-19 16:20:00	2003-03-19	18
1521	2003-03-19 16:21:00	2003-03-19	70
1522	2003-03-19 16:22:00	2003-03-19	7
1523	2003-03-19 16:23:00	2003-03-19	116
1524	2003-03-19 16:24:00	2003-03-19	0
1525	2003-03-19 16:25:00	2003-03-19	93
1526	2003-03-19 16:26:00	2003-03-19	201
1527	2003-03-19 16:27:00	2003-03-19	293
1528	2003-03-19 16:28:00	2003-03-19	106
1529	2003-03-19 16:29:00	2003-03-19	30
1530	2003-03-19 16:30:00	2003-03-19	100
1531	2003-03-19 16:31:00	2003-03-19	48
1532	2003-03-19 16:32:00	2003-03-19	35
1533	2003-03-19 16:33:00	2003-03-19	23
1534	2003-03-19 16:34:00	2003-03-19	146
1535	2003-03-19 16:35:00	2003-03-19	32
1536	2003-03-19 16:36:00	2003-03-19	161
1537	2003-03-19 16:37:00	2003-03-19	90
1538	2003-03-19 16:38:00	2003-03-19	121
1539	2003-03-19 16:39:00	2003-03-19	188
1540	2003-03-19 16:40:00	2003-03-19	40
1541	2003-03-19 16:41:00	2003-03-19	80
1542	2003-03-19 16:42:00	2003-03-19	103
1543	2003-03-19 16:43:00	2003-03-19	214
1544	2003-03-19 16:44:00	2003-03-19	53
1545	2003-03-19 16:45:00	2003-03-19	0
1546	2003-03-19 16:46:00	2003-03-19	15
1547	2003-03-19 16:47:00	2003-03-19	48
1548	2003-03-19 16:48:00	2003-03-19	76
1549	2003-03-19 16:49:00	2003-03-19	776
1550	2003-03-19 16:50:00	2003-03-19	1418
1551	2003-03-19 16:51:00	2003-03-19	662
1552	2003-03-19 16:52:00	2003-03-19	90
1553	2003-03-19 16:53:00	2003-03-19	0
1554	2003-03-19 16:54:00	2003-03-19	70
1555	2003-03-19 16:55:00	2003-03-19	0
1556	2003-03-19 16:56:00	2003-03-19	0
1557	2003-03-19 16:57:00	2003-03-19	0
1558	2003-03-19 16:58:00	2003-03-19	0
1559	2003-03-19 16:59:00	2003-03-19	0
1560	2003-03-19 17:00:00	2003-03-19	0
1561	2003-03-19 17:01:00	2003-03-19	42
1562	2003-03-19 17:02:00	2003-03-19	0
1563	2003-03-19 17:03:00	2003-03-19	0
1564	2003-03-19 17:04:00	2003-03-19	662
1565	2003-03-19 17:05:00	2003-03-19	1034
1566	2003-03-19 17:06:00	2003-03-19	1002
1567	2003-03-19 17:07:00	2003-03-19	1034
1568	2003-03-19 17:08:00	2003-03-19	971
1569	2003-03-19 17:09:00	2003-03-19	346
1570	2003-03-19 17:10:00	2003-03-19	941
1571	2003-03-19 17:11:00	2003-03-19	662
1572	2003-03-19 17:12:00	2003-03-19	231
1573	2003-03-19 17:13:00	2003-03-19	662
1574	2003-03-19 17:14:00	2003-03-19	357
1575	2003-03-19 17:15:00	2003-03-19	1067
1576	2003-03-19 17:16:00	2003-03-19	239
1577	2003-03-19 17:17:00	2003-03-19	208
1578	2003-03-19 17:18:00	2003-03-19	273
1579	2003-03-19 17:19:00	2003-03-19	208
1580	2003-03-19 17:20:00	2003-03-19	23
1581	2003-03-19 17:21:00	2003-03-19	0
1582	2003-03-19 17:22:00	2003-03-19	0
1583	2003-03-19 17:23:00	2003-03-19	10
1584	2003-03-19 17:24:00	2003-03-19	394
1585	2003-03-19 17:25:00	2003-03-19	35
1586	2003-03-19 17:26:00	2003-03-19	0
1587	2003-03-19 17:27:00	2003-03-19	0
1588	2003-03-19 17:28:00	2003-03-19	7
1589	2003-03-19 17:29:00	2003-03-19	168
1590	2003-03-19 17:30:00	2003-03-19	83
1591	2003-03-19 17:31:00	2003-03-19	33
1592	2003-03-19 17:32:00	2003-03-19	13
1593	2003-03-19 17:33:00	2003-03-19	146
1594	2003-03-19 17:34:00	2003-03-19	0
1595	2003-03-19 17:35:00	2003-03-19	168
1596	2003-03-19 17:36:00	2003-03-19	80
1597	2003-03-19 17:37:00	2003-03-19	66
1598	2003-03-19 17:38:00	2003-03-19	43
1599	2003-03-19 17:39:00	2003-03-19	80
1600	2003-03-19 17:40:00	2003-03-19	407
1601	2003-03-19 17:41:00	2003-03-19	0
1602	2003-03-19 17:42:00	2003-03-19	3
1603	2003-03-19 17:43:00	2003-03-19	156
1604	2003-03-19 17:44:00	2003-03-19	1332
1605	2003-03-19 17:45:00	2003-03-19	1174
1606	2003-03-19 17:46:00	2003-03-19	683
1607	2003-03-19 17:47:00	2003-03-19	776
1608	2003-03-19 17:48:00	2003-03-19	600
1609	2003-03-19 17:49:00	2003-03-19	381
1610	2003-03-19 17:50:00	2003-03-19	529
1611	2003-03-19 17:51:00	2003-03-19	239
1612	2003-03-19 17:52:00	2003-03-19	512
1613	2003-03-19 17:53:00	2003-03-19	662
1614	2003-03-19 17:54:00	2003-03-19	116
1615	2003-03-19 17:55:00	2003-03-19	63
1616	2003-03-19 17:56:00	2003-03-19	18
1617	2003-03-19 17:57:00	2003-03-19	346
1618	2003-03-19 17:58:00	2003-03-19	76
1619	2003-03-19 17:59:00	2003-03-19	156
1620	2003-03-19 18:00:00	2003-03-19	381
1621	2003-03-19 18:01:00	2003-03-19	495
1622	2003-03-19 18:02:00	2003-03-19	911
1623	2003-03-19 18:03:00	2003-03-19	35
1624	2003-03-19 18:04:00	2003-03-19	111
1625	2003-03-19 18:05:00	2003-03-19	42
1626	2003-03-19 18:06:00	2003-03-19	640
1627	2003-03-19 18:07:00	2003-03-19	151
1628	2003-03-19 18:08:00	2003-03-19	22
1629	2003-03-19 18:09:00	2003-03-19	33
1630	2003-03-19 18:10:00	2003-03-19	63
1631	2003-03-19 18:11:00	2003-03-19	15
1632	2003-03-19 18:12:00	2003-03-19	334
1633	2003-03-19 18:13:00	2003-03-19	194
1634	2003-03-19 18:14:00	2003-03-19	168
1635	2003-03-19 18:15:00	2003-03-19	346
1636	2003-03-19 18:16:00	2003-03-19	100
1637	2003-03-19 18:17:00	2003-03-19	43
1638	2003-03-19 18:18:00	2003-03-19	73
1639	2003-03-19 18:19:00	2003-03-19	146
1640	2003-03-19 18:20:00	2003-03-19	146
1641	2003-03-19 18:21:00	2003-03-19	640
1642	2003-03-19 18:22:00	2003-03-19	479
1643	2003-03-19 18:23:00	2003-03-19	80
1644	2003-03-19 18:24:00	2003-03-19	512
1645	2003-03-19 18:25:00	2003-03-19	151
1646	2003-03-19 18:26:00	2003-03-19	582
1647	2003-03-19 18:27:00	2003-03-19	662
1648	2003-03-19 18:28:00	2003-03-19	1375
1649	2003-03-19 18:29:00	2003-03-19	728
1650	2003-03-19 18:30:00	2003-03-19	1712
1651	2003-03-19 18:31:00	2003-03-19	1034
1652	2003-03-19 18:32:00	2003-03-19	2131
1653	2003-03-19 18:33:00	2003-03-19	1942
1654	2003-03-19 18:34:00	2003-03-19	1332
1655	2003-03-19 18:35:00	2003-03-19	3097
1656	2003-03-19 18:36:00	2003-03-19	2341
1657	2003-03-19 18:37:00	2003-03-19	1607
1658	2003-03-19 18:38:00	2003-03-19	620
1659	2003-03-19 18:39:00	2003-03-19	582
1660	2003-03-19 18:40:00	2003-03-19	545
1661	2003-03-19 18:41:00	2003-03-19	620
1662	2003-03-19 18:42:00	2003-03-19	293
1663	2003-03-19 18:43:00	2003-03-19	564
1664	2003-03-19 18:44:00	2003-03-19	394
1665	2003-03-19 18:45:00	2003-03-19	313
1666	2003-03-19 18:46:00	2003-03-19	214
1667	2003-03-19 18:47:00	2003-03-19	201
1668	2003-03-19 18:48:00	2003-03-19	273
1669	2003-03-19 18:49:00	2003-03-19	131
1670	2003-03-19 18:50:00	2003-03-19	1212
1671	2003-03-19 18:51:00	2003-03-19	941
1672	2003-03-19 18:52:00	2003-03-19	53
1673	2003-03-19 18:53:00	2003-03-19	1250
1674	2003-03-19 18:54:00	2003-03-19	1067
1675	2003-03-19 18:55:00	2003-03-19	394
1676	2003-03-19 18:56:00	2003-03-19	662
1677	2003-03-19 18:57:00	2003-03-19	751
1678	2003-03-19 18:58:00	2003-03-19	381
1679	2003-03-19 18:59:00	2003-03-19	346
1680	2003-03-19 19:00:00	2003-03-19	564
1681	2003-03-19 19:01:00	2003-03-19	369
1682	2003-03-19 19:02:00	2003-03-19	231
1683	2003-03-19 19:03:00	2003-03-19	683
1684	2003-03-19 19:04:00	2003-03-19	1137
1685	2003-03-19 19:05:00	2003-03-19	495
1686	2003-03-19 19:06:00	2003-03-19	303
1687	2003-03-19 19:07:00	2003-03-19	728
1688	2003-03-19 19:08:00	2003-03-19	776
1689	2003-03-19 19:09:00	2003-03-19	346
1690	2003-03-19 19:10:00	2003-03-19	57
1691	2003-03-19 19:11:00	2003-03-19	181
1692	2003-03-19 19:12:00	2003-03-19	37
1693	2003-03-19 19:13:00	2003-03-19	175
1694	2003-03-19 19:14:00	2003-03-19	201
1695	2003-03-19 19:15:00	2003-03-19	25
1696	2003-03-19 19:16:00	2003-03-19	208
1697	2003-03-19 19:17:00	2003-03-19	394
1698	2003-03-19 19:18:00	2003-03-19	449
1699	2003-03-19 19:19:00	2003-03-19	293
1700	2003-03-19 19:20:00	2003-03-19	201
1701	2003-03-19 19:21:00	2003-03-19	231
1702	2003-03-19 19:22:00	2003-03-19	168
1703	2003-03-19 19:23:00	2003-03-19	214
1704	2003-03-19 19:24:00	2003-03-19	303
1705	2003-03-19 19:25:00	2003-03-19	181
1706	2003-03-19 19:26:00	2003-03-19	239
1707	2003-03-19 19:27:00	2003-03-19	141
1708	2003-03-19 19:28:00	2003-03-19	83
1709	2003-03-19 19:29:00	2003-03-19	1034
1710	2003-03-19 19:30:00	2003-03-19	479
1711	2003-03-19 19:31:00	2003-03-19	273
1712	2003-03-19 19:32:00	2003-03-19	264
1713	2003-03-19 19:33:00	2003-03-19	273
1714	2003-03-19 19:34:00	2003-03-19	188
1715	2003-03-19 19:35:00	2003-03-19	256
1716	2003-03-19 19:36:00	2003-03-19	161
1717	2003-03-19 19:37:00	2003-03-19	106
1718	2003-03-19 19:38:00	2003-03-19	70
1719	2003-03-19 19:39:00	2003-03-19	103
1720	2003-03-19 19:40:00	2003-03-19	93
1721	2003-03-19 19:41:00	2003-03-19	181
1722	2003-03-19 19:42:00	2003-03-19	303
1723	2003-03-19 19:43:00	2003-03-19	63
1724	2003-03-19 19:44:00	2003-03-19	42
1725	2003-03-19 19:45:00	2003-03-19	264
1726	2003-03-19 19:46:00	2003-03-19	111
1727	2003-03-19 19:47:00	2003-03-19	13
1728	2003-03-19 19:48:00	2003-03-19	76
1729	2003-03-19 19:49:00	2003-03-19	8
1730	2003-03-19 19:50:00	2003-03-19	5
1731	2003-03-19 19:51:00	2003-03-19	66
1732	2003-03-19 19:52:00	2003-03-19	188
1733	2003-03-19 19:53:00	2003-03-19	357
1734	2003-03-19 19:54:00	2003-03-19	151
1735	2003-03-19 19:55:00	2003-03-19	80
1736	2003-03-19 19:56:00	2003-03-19	248
1737	2003-03-19 19:57:00	2003-03-19	564
1738	2003-03-19 19:58:00	2003-03-19	136
1739	2003-03-19 19:59:00	2003-03-19	369
1740	2003-03-19 20:00:00	2003-03-19	103
1741	2003-03-19 20:01:00	2003-03-19	3
1742	2003-03-19 20:02:00	2003-03-19	3
1743	2003-03-19 20:03:00	2003-03-19	168
1744	2003-03-19 20:04:00	2003-03-19	57
1745	2003-03-19 20:05:00	2003-03-19	111
1746	2003-03-19 20:06:00	2003-03-19	116
1747	2003-03-19 20:07:00	2003-03-19	248
1748	2003-03-19 20:08:00	2003-03-19	15
1749	2003-03-19 20:09:00	2003-03-19	0
1750	2003-03-19 20:10:00	2003-03-19	0
1751	2003-03-19 20:11:00	2003-03-19	421
1752	2003-03-19 20:12:00	2003-03-19	407
1753	2003-03-19 20:13:00	2003-03-19	136
1754	2003-03-19 20:14:00	2003-03-19	545
1755	2003-03-19 20:15:00	2003-03-19	728
1756	2003-03-19 20:16:00	2003-03-19	1332
1757	2003-03-19 20:17:00	2003-03-19	57
1758	2003-03-19 20:18:00	2003-03-19	136
1759	2003-03-19 20:19:00	2003-03-19	121
1760	2003-03-19 20:20:00	2003-03-19	0
1761	2003-03-19 20:21:00	2003-03-19	40
1762	2003-03-19 20:22:00	2003-03-19	136
1763	2003-03-19 20:23:00	2003-03-19	10
1764	2003-03-19 20:24:00	2003-03-19	0
1765	2003-03-19 20:25:00	2003-03-19	25
1766	2003-03-19 20:26:00	2003-03-19	512
1767	2003-03-19 20:27:00	2003-03-19	283
1768	2003-03-19 20:28:00	2003-03-19	175
1769	2003-03-19 20:29:00	2003-03-19	264
1770	2003-03-19 20:30:00	2003-03-19	283
1771	2003-03-19 20:31:00	2003-03-19	582
1772	2003-03-19 20:32:00	2003-03-19	369
1773	2003-03-19 20:33:00	2003-03-19	334
1774	2003-03-19 20:34:00	2003-03-19	146
1775	2003-03-19 20:35:00	2003-03-19	640
1776	2003-03-19 20:36:00	2003-03-19	106
1777	2003-03-19 20:37:00	2003-03-19	111
1778	2003-03-19 20:38:00	2003-03-19	0
1779	2003-03-19 20:39:00	2003-03-19	23
1780	2003-03-19 20:40:00	2003-03-19	223
1781	2003-03-19 20:41:00	2003-03-19	248
1782	2003-03-19 20:42:00	2003-03-19	201
1783	2003-03-19 20:43:00	2003-03-19	27
1784	2003-03-19 20:44:00	2003-03-19	273
1785	2003-03-19 20:45:00	2003-03-19	12
1786	2003-03-19 20:46:00	2003-03-19	0
1787	2003-03-19 20:47:00	2003-03-19	0
1788	2003-03-19 20:48:00	2003-03-19	126
1789	2003-03-19 20:49:00	2003-03-19	121
1790	2003-03-19 20:50:00	2003-03-19	322
1791	2003-03-19 20:51:00	2003-03-19	156
1792	2003-03-19 20:52:00	2003-03-19	3
1793	2003-03-19 20:53:00	2003-03-19	0
1794	2003-03-19 20:54:00	2003-03-19	7
1795	2003-03-19 20:55:00	2003-03-19	50
1796	2003-03-19 20:56:00	2003-03-19	264
1797	2003-03-19 20:57:00	2003-03-19	273
1798	2003-03-19 20:58:00	2003-03-19	32
1799	2003-03-19 20:59:00	2003-03-19	116
1800	2003-03-19 21:00:00	2003-03-19	12
1801	2003-03-19 21:01:00	2003-03-19	76
1802	2003-03-19 21:02:00	2003-03-19	201
1803	2003-03-19 21:03:00	2003-03-19	0
1804	2003-03-19 21:04:00	2003-03-19	0
1805	2003-03-19 21:05:00	2003-03-19	0
1806	2003-03-19 21:06:00	2003-03-19	705
1807	2003-03-19 21:07:00	2003-03-19	1290
1808	2003-03-19 21:08:00	2003-03-19	1463
1809	2003-03-19 21:09:00	2003-03-19	1250
1810	2003-03-19 21:10:00	2003-03-19	512
1811	2003-03-19 21:11:00	2003-03-19	357
1812	2003-03-19 21:12:00	2003-03-19	214
1813	2003-03-19 21:13:00	2003-03-19	334
1814	2003-03-19 21:14:00	2003-03-19	57
1815	2003-03-19 21:15:00	2003-03-19	146
1816	2003-03-19 21:16:00	2003-03-19	369
1817	2003-03-19 21:17:00	2003-03-19	38
1818	2003-03-19 21:18:00	2003-03-19	223
1819	2003-03-19 21:19:00	2003-03-19	357
1820	2003-03-19 21:20:00	2003-03-19	231
1821	2003-03-19 21:21:00	2003-03-19	208
1822	2003-03-19 21:22:00	2003-03-19	313
1823	2003-03-19 21:23:00	2003-03-19	283
1824	2003-03-19 21:24:00	2003-03-19	256
1825	2003-03-19 21:25:00	2003-03-19	1290
1826	2003-03-19 21:26:00	2003-03-19	1332
1827	2003-03-19 21:27:00	2003-03-19	971
1828	2003-03-19 21:28:00	2003-03-19	283
1829	2003-03-19 21:29:00	2003-03-19	194
1830	2003-03-19 21:30:00	2003-03-19	126
1831	2003-03-19 21:31:00	2003-03-19	0
1832	2003-03-19 21:32:00	2003-03-19	0
1833	2003-03-19 21:33:00	2003-03-19	83
1834	2003-03-19 21:34:00	2003-03-19	369
1835	2003-03-19 21:35:00	2003-03-19	111
1836	2003-03-19 21:36:00	2003-03-19	3
1837	2003-03-19 21:37:00	2003-03-19	3
1838	2003-03-19 21:38:00	2003-03-19	369
1839	2003-03-19 21:39:00	2003-03-19	495
1840	2003-03-19 21:40:00	2003-03-19	136
1841	2003-03-19 21:41:00	2003-03-19	705
1842	2003-03-19 21:42:00	2003-03-19	38
1843	2003-03-19 21:43:00	2003-03-19	38
1844	2003-03-19 21:44:00	2003-03-19	126
1845	2003-03-19 21:45:00	2003-03-19	13
1846	2003-03-19 21:46:00	2003-03-19	0
1847	2003-03-19 21:47:00	2003-03-19	181
1848	2003-03-19 21:48:00	2003-03-19	334
1849	2003-03-19 21:49:00	2003-03-19	620
1850	2003-03-19 21:50:00	2003-03-19	32
1851	2003-03-19 21:51:00	2003-03-19	479
1852	2003-03-19 21:52:00	2003-03-19	357
1853	2003-03-19 21:53:00	2003-03-19	248
1854	2003-03-19 21:54:00	2003-03-19	407
1855	2003-03-19 21:55:00	2003-03-19	334
1856	2003-03-19 21:56:00	2003-03-19	313
1857	2003-03-19 21:57:00	2003-03-19	15
1858	2003-03-19 21:58:00	2003-03-19	83
1859	2003-03-19 21:59:00	2003-03-19	57
1860	2003-03-19 22:00:00	2003-03-19	76
1861	2003-03-19 22:01:00	2003-03-19	256
1862	2003-03-19 22:02:00	2003-03-19	248
1863	2003-03-19 22:03:00	2003-03-19	40
1864	2003-03-19 22:04:00	2003-03-19	0
1865	2003-03-19 22:05:00	2003-03-19	10
1866	2003-03-19 22:06:00	2003-03-19	32
1867	2003-03-19 22:07:00	2003-03-19	201
1868	2003-03-19 22:08:00	2003-03-19	141
1869	2003-03-19 22:09:00	2003-03-19	369
1870	2003-03-19 22:10:00	2003-03-19	52
1871	2003-03-19 22:11:00	2003-03-19	8
1872	2003-03-19 22:12:00	2003-03-19	15
1873	2003-03-19 22:13:00	2003-03-19	17
1874	2003-03-19 22:14:00	2003-03-19	18
1875	2003-03-19 22:15:00	2003-03-19	60
1876	2003-03-19 22:16:00	2003-03-19	0
1877	2003-03-19 22:17:00	2003-03-19	0
1878	2003-03-19 22:18:00	2003-03-19	0
1879	2003-03-19 22:19:00	2003-03-19	146
1880	2003-03-19 22:20:00	2003-03-19	293
1881	2003-03-19 22:21:00	2003-03-19	175
1882	2003-03-19 22:22:00	2003-03-19	53
1883	2003-03-19 22:23:00	2003-03-19	57
1884	2003-03-19 22:24:00	2003-03-19	0
1885	2003-03-19 22:25:00	2003-03-19	0
1886	2003-03-19 22:26:00	2003-03-19	93
1887	2003-03-19 22:27:00	2003-03-19	334
1888	2003-03-19 22:28:00	2003-03-19	141
1889	2003-03-19 22:29:00	2003-03-19	111
1890	2003-03-19 22:30:00	2003-03-19	0
1891	2003-03-19 22:31:00	2003-03-19	0
1892	2003-03-19 22:32:00	2003-03-19	8
1893	2003-03-19 22:33:00	2003-03-19	0
1894	2003-03-19 22:34:00	2003-03-19	0
1895	2003-03-19 22:35:00	2003-03-19	223
1896	2003-03-19 22:36:00	2003-03-19	5
1897	2003-03-19 22:37:00	2003-03-19	8
1898	2003-03-19 22:38:00	2003-03-19	3
1899	2003-03-19 22:39:00	2003-03-19	0
1900	2003-03-19 22:40:00	2003-03-19	5
1901	2003-03-19 22:41:00	2003-03-19	10
1902	2003-03-19 22:42:00	2003-03-19	7
1903	2003-03-19 22:43:00	2003-03-19	313
1904	2003-03-19 22:44:00	2003-03-19	43
1905	2003-03-19 22:45:00	2003-03-19	0
1906	2003-03-19 22:46:00	2003-03-19	407
1907	2003-03-19 22:47:00	2003-03-19	30
1908	2003-03-19 22:48:00	2003-03-19	231
1909	2003-03-19 22:49:00	2003-03-19	683
1910	2003-03-19 22:50:00	2003-03-19	564
1911	2003-03-19 22:51:00	2003-03-19	1002
1912	2003-03-19 22:52:00	2003-03-19	1102
1913	2003-03-19 22:53:00	2003-03-19	941
1914	2003-03-19 22:54:00	2003-03-19	911
1915	2003-03-19 22:55:00	2003-03-19	1290
1916	2003-03-19 22:56:00	2003-03-19	1034
1917	2003-03-19 22:57:00	2003-03-19	100
1918	2003-03-19 22:58:00	2003-03-19	96
1919	2003-03-19 22:59:00	2003-03-19	13
1920	2003-03-19 23:00:00	2003-03-19	23
1921	2003-03-19 23:01:00	2003-03-19	60
1922	2003-03-19 23:02:00	2003-03-19	22
1923	2003-03-19 23:03:00	2003-03-19	0
1924	2003-03-19 23:04:00	2003-03-19	57
1925	2003-03-19 23:05:00	2003-03-19	223
1926	2003-03-19 23:06:00	2003-03-19	151
1927	2003-03-19 23:07:00	2003-03-19	564
1928	2003-03-19 23:08:00	2003-03-19	83
1929	2003-03-19 23:09:00	2003-03-19	60
1930	2003-03-19 23:10:00	2003-03-19	20
1931	2003-03-19 23:11:00	2003-03-19	175
1932	2003-03-19 23:12:00	2003-03-19	0
1933	2003-03-19 23:13:00	2003-03-19	12
1934	2003-03-19 23:14:00	2003-03-19	27
1935	2003-03-19 23:15:00	2003-03-19	0
1936	2003-03-19 23:16:00	2003-03-19	156
1937	2003-03-19 23:17:00	2003-03-19	854
1938	2003-03-19 23:18:00	2003-03-19	828
1939	2003-03-19 23:19:00	2003-03-19	66
1940	2003-03-19 23:20:00	2003-03-19	293
1941	2003-03-19 23:21:00	2003-03-19	48
1942	2003-03-19 23:22:00	2003-03-19	0
1943	2003-03-19 23:23:00	2003-03-19	131
1944	2003-03-19 23:24:00	2003-03-19	434
1945	2003-03-19 23:25:00	2003-03-19	188
1946	2003-03-19 23:26:00	2003-03-19	18
1947	2003-03-19 23:27:00	2003-03-19	0
1948	2003-03-19 23:28:00	2003-03-19	0
1949	2003-03-19 23:29:00	2003-03-19	52
1950	2003-03-19 23:30:00	2003-03-19	30
1951	2003-03-19 23:31:00	2003-03-19	17
1952	2003-03-19 23:32:00	2003-03-19	3
1953	2003-03-19 23:33:00	2003-03-19	93
1954	2003-03-19 23:34:00	2003-03-19	8
1955	2003-03-19 23:35:00	2003-03-19	231
1956	2003-03-19 23:36:00	2003-03-19	495
1957	2003-03-19 23:37:00	2003-03-19	13
1958	2003-03-19 23:38:00	2003-03-19	0
1959	2003-03-19 23:39:00	2003-03-19	0
1960	2003-03-19 23:40:00	2003-03-19	0
1961	2003-03-19 23:41:00	2003-03-19	60
1962	2003-03-19 23:42:00	2003-03-19	0
1963	2003-03-19 23:43:00	2003-03-19	0
1964	2003-03-19 23:44:00	2003-03-19	0
1965	2003-03-19 23:45:00	2003-03-19	3
1966	2003-03-19 23:46:00	2003-03-19	0
1967	2003-03-19 23:47:00	2003-03-19	0
1968	2003-03-19 23:48:00	2003-03-19	0
1969	2003-03-19 23:49:00	2003-03-19	0
1970	2003-03-19 23:50:00	2003-03-19	0
1971	2003-03-19 23:51:00	2003-03-19	8
1972	2003-03-19 23:52:00	2003-03-19	53
1973	2003-03-19 23:53:00	2003-03-19	0
1974	2003-03-19 23:54:00	2003-03-19	35
1975	2003-03-19 23:55:00	2003-03-19	60
1976	2003-03-19 23:56:00	2003-03-19	0
1977	2003-03-19 23:57:00	2003-03-19	0
1978	2003-03-19 23:58:00	2003-03-19	0
1979	2003-03-19 23:59:00	2003-03-19	0
